Workbook

Sheet Produtos
A1: ProdutoID | B1: Produto | C1: Categoria | D1: CustoUnit | E1: PrecoVenda | F1: LucroUnit | G1: Margem
A2: =ROW()-1 -> 1 | B2: janela integrada | C2: esquadria | D2: 1500 | E2: 3000 | F2: =Tabela4[[#This Row],[PrecoVenda]]-Tabela4[[#This Row],[CustoUnit]] -> 1500 | G2: =IF(Tabela4[[#This Row],[PrecoVenda]]=0,0,Tabela4[[#This Row],[LucroUnit]]/Tabela4[[#This Row],[PrecoVenda]]) -> 0.5
A3: =ROW()-1 -> 2 | B3: janela blindex | C3: esquadria | D3: 400 | E3: 800 | F3: =Tabela4[[#This Row],[PrecoVenda]]-Tabela4[[#This Row],[CustoUnit]] -> 400 | G3: =IF(Tabela4[[#This Row],[PrecoVenda]]=0,0,Tabela4[[#This Row],[LucroUnit]]/Tabela4[[#This Row],[PrecoVenda]]) -> 0.5
A4: =ROW()-1 -> 3 | B4: porta integrada | C4: esquadria | D4: 3000 | E4: 5000 | F4: =Tabela4[[#This Row],[PrecoVenda]]-Tabela4[[#This Row],[CustoUnit]] -> 2000 | G4: =IF(Tabela4[[#This Row],[PrecoVenda]]=0,0,Tabela4[[#This Row],[LucroUnit]]/Tabela4[[#This Row],[PrecoVenda]]) -> 0.4
A5: =ROW()-1 -> 4 | B5: porta blindex | C5: esquadria | D5: 1500 | E5: 3000 | F5: =Tabela4[[#This Row],[PrecoVenda]]-Tabela4[[#This Row],[CustoUnit]] -> 1500 | G5: =IF(Tabela4[[#This Row],[PrecoVenda]]=0,0,Tabela4[[#This Row],[LucroUnit]]/Tabela4[[#This Row],[PrecoVenda]]) -> 0.5
A6: =ROW()-1 -> 5 | B6: porta de aluminío | C6: esquadria | D6: 700 | E6: 1300 | F6: =Tabela4[[#This Row],[PrecoVenda]]-Tabela4[[#This Row],[CustoUnit]] -> 600 | G6: =IF(Tabela4[[#This Row],[PrecoVenda]]=0,0,Tabela4[[#This Row],[LucroUnit]]/Tabela4[[#This Row],[PrecoVenda]]) -> 0.46153846
A7: =ROW()-1 -> 6 | B7: janela de aluminío | C7: esquadria | D7: 1000 | E7: 1800 | F7: =Tabela4[[#This Row],[PrecoVenda]]-Tabela4[[#This Row],[CustoUnit]] -> 800 | G7: =IF(Tabela4[[#This Row],[PrecoVenda]]=0,0,Tabela4[[#This Row],[LucroUnit]]/Tabela4[[#This Row],[PrecoVenda]]) -> 0.44444444
A8: =ROW()-1 -> 7 | B8: maxiar | C8: esquadria | D8: 800 | E8: 1200 | F8: =Tabela4[[#This Row],[PrecoVenda]]-Tabela4[[#This Row],[CustoUnit]] -> 400 | G8: =IF(Tabela4[[#This Row],[PrecoVenda]]=0,0,Tabela4[[#This Row],[LucroUnit]]/Tabela4[[#This Row],[PrecoVenda]]) -> 0.33333333
A9: =ROW()-1 -> 8 | B9: basculante | C9: esquadria | D9: 300 | E9: 800 | F9: =Tabela4[[#This Row],[PrecoVenda]]-Tabela4[[#This Row],[CustoUnit]] -> 500 | G9: =IF(Tabela4[[#This Row],[PrecoVenda]]=0,0,Tabela4[[#This Row],[LucroUnit]]/Tabela4[[#This Row],[PrecoVenda]]) -> 0.625
A10: =ROW()-1 -> 9 | B10: box | C10: esquadria | D10: 1000 | E10: 1400 | F10: =Tabela4[[#This Row],[PrecoVenda]]-Tabela4[[#This Row],[CustoUnit]] -> 400 | G10: =IF(Tabela4[[#This Row],[PrecoVenda]]=0,0,Tabela4[[#This Row],[LucroUnit]]/Tabela4[[#This Row],[PrecoVenda]]) -> 0.28571429
A11: =ROW()-1 -> 10 | B11: parapeito | C11: esquadria | D11: 3000 | E11: 6000 | F11: =Tabela4[[#This Row],[PrecoVenda]]-Tabela4[[#This Row],[CustoUnit]] -> 3000 | G11: =IF(Tabela4[[#This Row],[PrecoVenda]]=0,0,Tabela4[[#This Row],[LucroUnit]]/Tabela4[[#This Row],[PrecoVenda]]) -> 0.5
A12: =ROW()-1 -> 11 | B12: corrimão | C12: esquadria | D12: 4000 | E12: 8000 | F12: =Tabela4[[#This Row],[PrecoVenda]]-Tabela4[[#This Row],[CustoUnit]] -> 4000 | G12: =IF(Tabela4[[#This Row],[PrecoVenda]]=0,0,Tabela4[[#This Row],[LucroUnit]]/Tabela4[[#This Row],[PrecoVenda]]) -> 0.5
A13: =ROW()-1 -> 12 | B13: vidro comum | C13: vidro | D13: 100 | E13: 200 | F13: =Tabela4[[#This Row],[PrecoVenda]]-Tabela4[[#This Row],[CustoUnit]] -> 100 | G13: =IF(Tabela4[[#This Row],[PrecoVenda]]=0,0,Tabela4[[#This Row],[LucroUnit]]/Tabela4[[#This Row],[PrecoVenda]]) -> 0.5
... A23: =ROW()-1 -> 22 | B23: pergolado | C23: vidro | D23: 3000 | E23: 8000 | F23: =Tabela4[[#This Row],[PrecoVenda]]-Tabela4[[#This Row],[CustoUnit]] -> 5000 | G23: =IF(Tabela4[[#This Row],[PrecoVenda]]=0,0,Tabela4[[#This Row],[LucroUnit]]/Tabela4[[#This Row],[PrecoVenda]]) -> 0.625

Sheet Clientes
A1: ClienteID | B1: Cliente | C1: Cidade | D1: TipoCliente | E1: Gênero
A2: =ROW()-1 -> 1 | B2: afair | C2: garapoba | D2: fisico | E2: Masculino
A3: =ROW()-1 -> 2 | B3: andre | C3: garopaba | D3: fisico | E3: Masculino
A4: =ROW()-1 -> 3 | B4: batista | C4: garopaba | D4: fisico | E4: Masculino
A5: =ROW()-1 -> 4 | B5: bruno | C5: garopaba | D5: fisico | E5: Masculino
A6: =ROW()-1 -> 5 | B6: cristiano | C6: garopaba | D6: fisico | E6: Masculino
A7: =ROW()-1 -> 6 | B7: curupira | C7: garopaba | D7: fisico | E7: Feminino
A8: =ROW()-1 -> 7 | B8: daniel | C8: garopaba | D8: fisico | E8: Masculino
A9: =ROW()-1 -> 8 | B9: edel | C9: garopaba | D9: fisico | E9: Feminino
A10: =ROW()-1 -> 9 | B10: gabriela | C10: garopaba | D10: fisico | E10: Feminino
A11: =ROW()-1 -> 10 | B11: marina | C11: garopaba | D11: fisico | E11: Feminino
A12: =ROW()-1 -> 11 | B12: rosane | C12: garopaba | D12: fisico | E12: Feminino

Sheet Vendas
A1: VendaID | B1: DataVenda | C1: ClienteID
A2: =ROW()-1 -> 1 | B2: 45871 | C2: 1
A3: =ROW()-1 -> 2 | B3: 45848 | C3: 1
A4: =ROW()-1 -> 3 | B4: 46114 | C4: 1
A5: =ROW()-1 -> 4 | B5: 45690 | C5: 1
A6: =ROW()-1 -> 5 | B6: 45942 | C6: 2
A7: =ROW()-1 -> 6 | B7: 45971 | C7: 2
A8: =ROW()-1 -> 7 | B8: 45992 | C8: 2
A9: =ROW()-1 -> 8 | B9: 46011 | C9: 2
A10: =ROW()-1 -> 9 | B10: 46034 | C10: 2
A11: =ROW()-1 -> 10 | B11: 45767 | C11: 3
A12: =ROW()-1 -> 11 | B12: 45787 | C12: 3
A13: 12 | B13: 45818 | C13: 3
A14: =ROW()-1 -> 13 | B14: 46152 | C14: 3
A15: =ROW()-1 -> 14 | B15: 46113 | C15: 4
A16: =ROW()-1 -> 15 | B16: 46174 | C16: 4
A17: =ROW()-1 -> 16 | B17: 46139 | C17: 5
A18: =ROW()-1 -> 17 | B18: 45945 | C18: 6
A19: =ROW()-1 -> 18 | B19: 45940 | C19: 6
A20: =ROW()-1 -> 19 | B20: 45874 | C20: 6
A21: =ROW()-1 -> 20 | B21: 46063 | C21: 7
A22: =ROW()-1 -> 21 | B22: 46084 | C22: 7
A23: =ROW()-1 -> 22 | B23: 46129 | C23: 7
A24: =ROW()-1 -> 23 | B24: 46152 | C24: 7
A25: =ROW()-1 -> 24 | B25: 46077 | C25: 8
... A36: =ROW()-1 -> 35 | B36: 45636 | C36: 11

Sheet Itens_Vendas
A1: VendaID | B1: ProdutoID | C1: Quantidade | D1: CustoUnit | E1: TotalItem
A2: =ROW()-1 -> 1 | B2: 1 | C2: 4 | D2: =_xlfn.XLOOKUP(Tabela1[[#This Row],[ProdutoID]],Produtos!A:A,Produtos!E:E) -> 3000 | E2: =Tabela1[[#This Row],[Quantidade]]*Tabela1[[#This Row],[CustoUnit]] -> 12000
A3: =ROW()-1 -> 2 | B3: 3 | C3: 2 | D3: =_xlfn.XLOOKUP(Tabela1[[#This Row],[ProdutoID]],Produtos!A:A,Produtos!E:E) -> 5000 | E3: =Tabela1[[#This Row],[Quantidade]]*Tabela1[[#This Row],[CustoUnit]] -> 10000
A4: =ROW()-1 -> 3 | B4: 9 | C4: 2 | D4: =_xlfn.XLOOKUP(Tabela1[[#This Row],[ProdutoID]],Produtos!A:A,Produtos!E:E) -> 1400 | E4: =Tabela1[[#This Row],[Quantidade]]*Tabela1[[#This Row],[CustoUnit]] -> 2800
A5: =ROW()-1 -> 4 | B5: 19 | C5: 10 | D5: =_xlfn.XLOOKUP(Tabela1[[#This Row],[ProdutoID]],Produtos!A:A,Produtos!E:E) -> 500 | E5: =Tabela1[[#This Row],[Quantidade]]*Tabela1[[#This Row],[CustoUnit]] -> 5000
A6: =ROW()-1 -> 5 | B6: 1 | C6: 6 | D6: =_xlfn.XLOOKUP(Tabela1[[#This Row],[ProdutoID]],Produtos!A:A,Produtos!E:E) -> 3000 | E6: =Tabela1[[#This Row],[Quantidade]]*Tabela1[[#This Row],[CustoUnit]] -> 18000
A7: =ROW()-1 -> 6 | B7: 3 | C7: 6 | D7: =_xlfn.XLOOKUP(Tabela1[[#This Row],[ProdutoID]],Produtos!A:A,Produtos!E:E) -> 5000 | E7: =Tabela1[[#This Row],[Quantidade]]*Tabela1[[#This Row],[CustoUnit]] -> 30000
A8: =ROW()-1 -> 7 | B8: 10 | C8: 1 | D8: =_xlfn.XLOOKUP(Tabela1[[#This Row],[ProdutoID]],Produtos!A:A,Produtos!E:E) -> 6000 | E8: =Tabela1[[#This Row],[Quantidade]]*Tabela1[[#This Row],[CustoUnit]] -> 6000
A9: =ROW()-1 -> 8 | B9: 11 | C9: 3 | D9: =_xlfn.XLOOKUP(Tabela1[[#This Row],[ProdutoID]],Produtos!A:A,Produtos!E:E) -> 8000 | E9: =Tabela1[[#This Row],[Quantidade]]*Tabela1[[#This Row],[CustoUnit]] -> 24000
A10: =ROW()-1 -> 9 | B10: 19 | C10: 8 | D10: =_xlfn.XLOOKUP(Tabela1[[#This Row],[ProdutoID]],Produtos!A:A,Produtos!E:E) -> 500 | E10: =Tabela1[[#This Row],[Quantidade]]*Tabela1[[#This Row],[CustoUnit]] -> 4000
A11: =ROW()-1 -> 10 | B11: 1 | C11: 6 | D11: =_xlfn.XLOOKUP(Tabela1[[#This Row],[ProdutoID]],Produtos!A:A,Produtos!E:E) -> 3000 | E11: =Tabela1[[#This Row],[Quantidade]]*Tabela1[[#This Row],[CustoUnit]] -> 18000
A12: =ROW()-1 -> 11 | B12: 3 | C12: 4 | D12: =_xlfn.XLOOKUP(Tabela1[[#This Row],[ProdutoID]],Produtos!A:A,Produtos!E:E) -> 5000 | E12: =Tabela1[[#This Row],[Quantidade]]*Tabela1[[#This Row],[CustoUnit]] -> 20000
A13: =ROW()-1 -> 12 | B13: 11 | C13: 2 | D13: =_xlfn.XLOOKUP(Tabela1[[#This Row],[ProdutoID]],Produtos!A:A,Produtos!E:E) -> 8000 | E13: =Tabela1[[#This Row],[Quantidade]]*Tabela1[[#This Row],[CustoUnit]] -> 16000
... A36: =ROW()-1 -> 35 | B36: 19 | C36: 3 | D36: =_xlfn.XLOOKUP(Tabela1[[#This Row],[ProdutoID]],Produtos!A:A,Produtos!E:E) -> 500 | E36: =Tabela1[[#This Row],[Quantidade]]*Tabela1[[#This Row],[CustoUnit]] -> 1500
A37: Total | E37: =SUBTOTAL(109,E2:E36) -> 375600
